{
    "fields": [
        {
            "index": 0,
            "element": "input_name",
            "attributes": {
                "name": "names",
                "data-type": "name-element"
            },
            "settings": {
                "container_class": "",
                "admin_field_label": "Name",
                "conditional_logics": [],
                "label_placement": "top"
            },
            "fields": {
                "first_name": {
                    "element": "input_text",
                    "attributes": {
                        "type": "text",
                        "name": "first_name",
                        "value": "",
                        "id": "",
                        "class": "",
                        "placeholder": "First Name",
                        "maxlength": ""
                    },
                    "settings": {
                        "container_class": "",
                        "label": "First Name",
                        "help_message": "",
                        "visible": true,
                        "validation_rules": {
                            "required": {
                                "value": false,
                                "message": "This field is required",
                                "global_message": "This field is required",
                                "global": true
                            }
                        },
                        "conditional_logics": []
                    },
                    "editor_options": {
                        "template": "inputText"
                    }
                },
                "middle_name": {
                    "element": "input_text",
                    "attributes": {
                        "type": "text",
                        "name": "middle_name",
                        "value": "",
                        "id": "",
                        "class": "",
                        "placeholder": "Middle Name",
                        "required": false,
                        "maxlength": ""
                    },
                    "settings": {
                        "container_class": "",
                        "label": "Middle Name",
                        "help_message": "",
                        "error_message": "",
                        "visible": false,
                        "validation_rules": {
                            "required": {
                                "value": false,
                                "message": "This field is required",
                                "global_message": "This field is required",
                                "global": true
                            }
                        },
                        "conditional_logics": []
                    },
                    "editor_options": {
                        "template": "inputText"
                    }
                },
                "last_name": {
                    "element": "input_text",
                    "attributes": {
                        "type": "text",
                        "name": "last_name",
                        "value": "",
                        "id": "",
                        "class": "",
                        "placeholder": "Last Name",
                        "required": false,
                        "maxlength": ""
                    },
                    "settings": {
                        "container_class": "",
                        "label": "Last Name",
                        "help_message": "",
                        "error_message": "",
                        "visible": true,
                        "validation_rules": {
                            "required": {
                                "value": false,
                                "message": "This field is required",
                                "global_message": "This field is required",
                                "global": true
                            }
                        },
                        "conditional_logics": []
                    },
                    "editor_options": {
                        "template": "inputText"
                    }
                }
            },
            "editor_options": {
                "title": "Name Fields",
                "element": "name-fields",
                "icon_class": "ff-edit-name",
                "template": "nameFields"
            },
            "uniqElKey": "el_1702668124888"
        },
        {
            "index": 1,
            "element": "container",
            "attributes": [],
            "settings": {
                "container_class": "",
                "conditional_logics": {
                    "type": "any",
                    "status": false,
                    "conditions": [
                        {
                            "field": "",
                            "value": "",
                            "operator": ""
                        }
                    ]
                },
                "container_width": "",
                "is_width_auto_calc": true
            },
            "columns": [
                {
                    "fields": [
                        {
                            "index": 1,
                            "element": "input_email",
                            "attributes": {
                                "type": "email",
                                "name": "email",
                                "value": "",
                                "id": "",
                                "class": "",
                                "placeholder": "Your Email Address"
                            },
                            "settings": {
                                "container_class": "",
                                "label": "",
                                "label_placement": "",
                                "help_message": "",
                                "admin_field_label": "Email",
                                "validation_rules": {
                                    "required": {
                                        "value": true,
                                        "message": "This field is required",
                                        "global": false,
                                        "global_message": "This field is required"
                                    },
                                    "email": {
                                        "value": true,
                                        "message": "This field must contain a valid email",
                                        "global": false,
                                        "global_message": "This field must contain a valid email"
                                    }
                                },
                                "conditional_logics": [],
                                "is_unique": "no",
                                "unique_validation_message": "Email address need to be unique.",
                                "prefix_label": "",
                                "suffix_label": ""
                            },
                            "editor_options": {
                                "title": "Email Address",
                                "icon_class": "ff-edit-email",
                                "template": "inputText"
                            },
                            "uniqElKey": "el_16231279686950.8779857923682932"
                        }
                    ],
                    "width": 50
                },
                {
                    "fields": [
                        {
                            "index": 15,
                            "element": "custom_submit_button",
                            "attributes": {
                                "class": "",
                                "type": "submit"
                            },
                            "settings": {
                                "button_style": "",
                                "button_size": "md",
                                "align": "left",
                                "container_class": "",
                                "current_state": "normal_styles",
                                "background_color": "",
                                "color": "",
                                "hover_styles": {
                                    "backgroundColor": "#ffffff",
                                    "borderColor": "#409EFF",
                                    "color": "#409EFF",
                                    "borderRadius": "",
                                    "minWidth": "100%"
                                },
                                "normal_styles": {
                                    "backgroundColor": "#409EFF",
                                    "borderColor": "#409EFF",
                                    "color": "#ffffff",
                                    "borderRadius": "",
                                    "minWidth": "100%"
                                },
                                "button_ui": {
                                    "text": "Subscribe",
                                    "type": "default",
                                    "img_url": ""
                                },
                                "conditional_logics": {
                                    "type": "any",
                                    "status": false,
                                    "conditions": [
                                        {
                                            "field": "",
                                            "value": "",
                                            "operator": ""
                                        }
                                    ]
                                }
                            },
                            "editor_options": {
                                "title": "Custom Submit Button",
                                "icon_class": "dashicons dashicons-arrow-right-alt",
                                "template": "customButton"
                            },
                            "uniqElKey": "el_16231279798380.5947400167493171"
                        }
                    ],
                    "width": 50
                }
            ],
            "editor_options": {
                "title": "Two Column Container",
                "icon_class": "ff-edit-column-2"
            },
            "uniqElKey": "el_16231279284710.40955091024524304"
        },
        {
            "index": 2,
            "element": "container",
            "attributes": [],
            "settings": {
                "container_class": "",
                "conditional_logics": [],
                "container_width": "",
                "is_width_auto_calc": true
            },
            "columns": [
                {
                    "width": 33.33,
                    "fields": [
                        {
                            "index": 2,
                            "element": "input_text",
                            "attributes": {
                                "type": "text",
                                "name": "input_text",
                                "value": "",
                                "class": "",
                                "placeholder": "",
                                "maxlength": ""
                            },
                            "settings": {
                                "container_class": "",
                                "label": "Text Input",
                                "label_placement": "",
                                "admin_field_label": "",
                                "help_message": "",
                                "prefix_label": "",
                                "suffix_label": "",
                                "validation_rules": {
                                    "required": {
                                        "value": false,
                                        "message": "This field is required",
                                        "global_message": "This field is required",
                                        "global": true
                                    }
                                },
                                "conditional_logics": [],
                                "is_unique": "no",
                                "unique_validation_message": "This value need to be unique."
                            },
                            "editor_options": {
                                "title": "Simple Text",
                                "icon_class": "ff-edit-text",
                                "template": "inputText"
                            },
                            "uniqElKey": "el_1702668113386"
                        }
                    ]
                },
                {
                    "width": 33.33,
                    "fields": []
                },
                {
                    "width": 33.33,
                    "fields": []
                }
            ],
            "editor_options": {
                "title": "Three Column Container",
                "icon_class": "ff-edit-three-column"
            },
            "uniqElKey": "el_1702668107452"
        }
    ],
    "submitButton": {
        "uniqElKey": "el_1524065200616",
        "element": "button",
        "attributes": {
            "type": "submit",
            "class": ""
        },
        "settings": {
            "align": "left",
            "button_style": "default",
            "container_class": "",
            "help_message": "",
            "background_color": "#409EFF",
            "button_size": "md",
            "color": "#ffffff",
            "button_ui": {
                "type": "default",
                "text": "Subscribe",
                "img_url": ""
            }
        },
        "editor_options": {
            "title": "Submit Button"
        }
    }
}